ID,names,masl,s_name,owner,mun,X,Y,From,To,timeOffset,timeResolution
SN18269,OSLO - HAUGENSTUA,123,NA,"OSLO KOMMUNE, VANN- OG AVLØPSETATEN",OSLO,10.905,59.954,2004-04-26T00:00:00.000Z,NA,PT0H,PT1H
SN18700,OSLO - BLINDERN,94,Oslo (Blindern),MET.NO,OSLO,10.72,59.9423,1993-11-07T00:00:00.000Z,NA,PT0H,PT1H
SN19660,E16 SKUI,250,Skui,STATENS VEGVESEN,BÆRUM,10.3855,59.9475,2018-10-09T00:00:00.000Z,NA,PT0H,PT1H
SN18260,OSLO - HØYBRÅTEN,181,Høybråten,"OSLO KOMMUNE, VAV ROSIM",OSLO,10.9257,59.9468,2013-05-30T00:00:00.000Z,NA,PT0H,PT1H
SN27564,SANDEFJORD - MOSSERØD,72,NA,SANDEFJORD KOMMUNE,SANDEFJORD,10.2025,59.1505,1998-12-12T00:00:00.000Z,NA,PT0H,PT1H
SN1070,HVALER - BREKKE,20,HVALER ,HVALER KOMMUNE,HVALER,11.0322,59.0418,2018-06-01T00:00:00.000Z,NA,PT0H,PT1H
SN26990,SANDE - GALLEBERG,60,Sande,NIBIO,HOLMESTRAND,10.215,59.6193,2003-09-18T00:00:00.000Z,NA,PT0H,PT1H
SN26864,DRAMMEN SYKEHUS,25,Drammen sykehus ,DRAMMEN KOMMUNE,DRAMMEN,10.195,59.7497,2012-10-14T00:00:00.000Z,NA,PT0H,PT1H
SN19830,FV289 HURUM,165,Hurum,STATENS VEGVESEN,ASKER,10.4922,59.548,2018-10-09T00:00:00.000Z,NA,PT0H,PT1H
SN26900,DRAMMEN - BERSKOG,8,Berskog,MET.NO,DRAMMEN,10.1237,59.7537,2012-04-11T00:00:00.000Z,NA,PT0H,PT1H
SN19525,BÆRUMS VERK,203,Bærums Verk ,BÆRUM KOMMUNE,BÆRUM,10.515,59.9383,2017-06-27T00:00:00.000Z,NA,PT0H,PT1H
SN27160,HORTEN II,95,Horten,HORTEN KOMMUNE,HORTEN,10.4647,59.4198,2015-06-01T00:00:00.000Z,NA,PT0H,PT1H
SN17650,E6 VESTBY,75,Vestby,STATENS VEGVESEN,VESTBY,10.7395,59.6002,2018-10-09T00:00:00.000Z,NA,PT0H,PT1H
SN30330,GJERPEN - ÅRHUS,41,Gjerpen ,NIBIO,SKIEN,9.5772,59.2268,2013-02-06T00:00:00.000Z,2019-09-30T00:00:00.000Z,PT0H,PT1H
SN3370,ØSAKER,45,Øsaker,NIBIO,SARPSBORG,11.0422,59.3193,2013-02-04T00:00:00.000Z,NA,PT0H,PT1H
SN4590,E16 ROMERIKSÅSEN,415,Romeriksåsen,STATENS VEGVESEN,LUNNER,10.7475,60.2755,2018-10-09T00:00:00.000Z,NA,PT0H,PT1H
SN17895,E18 SVARTSKOG,110,NA,STATENS VEGVESEN,NORDRE FOLLO,10.76,59.794,2018-10-09T00:00:00.000Z,NA,PT0H,PT1H
SN26580,DRAMMEN - BANGELØKKA,14,Bangeløkka ,DRAMMEN KOMMUNE,DRAMMEN,10.2142,59.731,2015-06-16T00:00:00.000Z,NA,PT0H,PT1H
SN30285,SKIEN - BORGEÅSEN,75,Borgeåsen ,SKIEN KOMMUNE,SKIEN,9.6638,59.1642,2019-06-07T00:00:00.000Z,NA,PT0H,PT1H
SN20470,E16 BEKKEHALLUM,385,Bekkehallum,STATENS VEGVESEN,LUNNER,10.5295,60.2822,2018-10-09T00:00:00.000Z,NA,PT0H,PT1H
SN26840,KROKSTADELVA - LANGELØKKA,139,Langeløkka ,NEDRE EIKER KOMMUNE,DRAMMEN,10.0123,59.7658,2015-03-12T00:00:00.000Z,NA,PT0H,PT1H
SN18245,OSLO - AMMERUD,201,Ammerud,"OSLO KOMMUNE, VAV ROSIM",OSLO,10.8737,59.9652,2013-12-31T00:00:00.000Z,NA,PT0H,PT1H
SN27540,SANDEFJORD - GJEKSTAD,10,Gjekstad,SANDEFJORD KOMMUNE,SANDEFJORD,10.2558,59.1312,2017-10-30T00:00:00.000Z,NA,PT0H,PT1H
SN19510,ØVREVOLL,123,Øvrevoll,BÆRUM KOMMUNE,BÆRUM,10.6227,59.94046,1967-05-19T00:00:00.000Z,NA,PT0H,PT1H
SN26894,DRAMMEN - GULSKOGEN,30,Gulskogen ,DRAMMEN KOMMUNE,DRAMMEN,10.1672,59.7413,2015-10-12T00:00:00.000Z,NA,PT0H,PT1H
SN19932,GLITREVANN,360,Glitrevann ,GLITREVANNVERKET,DRAMMEN,10.065,59.8562,2015-11-23T00:00:00.000Z,NA,PT0H,PT1H
SN27450,MELSOM,26,Melsom,MET.NO,SANDEFJORD,10.3483,59.23,1999-02-09T00:00:00.000Z,NA,PT0H,PT1H
SN27435,NØTTERØY - VESTSKOGEN,25,Vestskogen,FÆRDER KOMMUNE,FÆRDER,10.4023,59.2417,2015-12-31T00:00:00.000Z,NA,PT0H,PT1H
SN19405,BÆRUM - STORØYA,5,Storøya ,BÆRUM KOMMUNE,BÆRUM,10.608,59.8909,2016-11-09T00:00:00.000Z,NA,PT0H,PT1H
SN30270,PORSGRUNN - KJØLNES,4,Kjølnes,PORSGRUNN KOMMUNE,PORSGRUNN,9.6663,59.1405,1973-11-03T00:00:00.000Z,NA,PT0H,PT1H
SN19710,ASKER,163,Asker - Sem,MET.NO,ASKER,10.4358,59.8558,1983-06-26T00:00:00.000Z,NA,PT0H,PT1H
SN26780,SOLBERGELVA - OLLEVEIEN,54,Olleveien,NEDRE EIKER KOMMUNE,DRAMMEN,10.0582,59.7655,2015-03-12T00:00:00.000Z,NA,PT0H,PT1H
SN4781,GARDERMOEN SØR,202,NA,MET.NO,ULLENSAKER,11.0743,60.1883,1967-05-12T00:00:00.000Z,2009-10-31T00:00:00.000Z,PT0H,PT1H
SN26852,DRAMMEN - BRAGERNES SKOLE,65,Bragernes skole ,DRAMMEN KOMMUNE,DRAMMEN,10.2258,59.7487,2012-09-25T00:00:00.000Z,NA,PT0H,PT1H
SN30288,SKIEN - KJØRBEKKSVINGEN,9,Kjørbekksvingen ,SKIEN KOMMUNE,SKIEN,9.6297,59.1768,2019-06-07T00:00:00.000Z,NA,PT0H,PT1H
SN30261,PORSGRUNN,10,Porsgrunn,PORSGRUNN KOMMUNE,PORSGRUNN,9.6385,59.1353,2015-11-09T00:00:00.000Z,NA,PT0H,PT1H
SN30282,SKIEN - RØDMYRLIA,98,Rødmyrlia ,SKIEN KOMMUNE,SKIEN,9.6017,59.1702,2019-06-07T00:00:00.000Z,NA,PT0H,PT1H
SN18170,OSLO - ØSTENSJØ,123,Østensjø,"OSLO KOMMUNE, VAV ROSIM",OSLO,10.8368,59.8955,2013-05-21T00:00:00.000Z,NA,PT0H,PT1H
SN26810,HOKKSUND - LOE,7,Hokksund - Loe ,ØVRE EIKER KOMMUNE,ØVRE EIKER,9.9155,59.7688,2014-03-16T00:00:00.000Z,NA,PT0H,PT1H
SN18215,OSLO - BROBEKK,155,Brobekk,"OSLO KOMMUNE, VAV ROSIM",OSLO,10.8315,59.9323,2013-06-05T00:00:00.000Z,NA,PT0H,PT1H
SN27330,TØNSBERG - TARANRØD,33,Taranrød ,"TØNSBERG KOMMUNE, INGENIØRVESENET",TØNSBERG,10.2983,59.2938,2013-12-16T00:00:00.000Z,NA,PT0H,PT1H
SN27420,TJØME,32,Tjøme,FÆRDER KOMMUNE,FÆRDER,10.398,59.1208,2016-08-22T00:00:00.000Z,NA,PT0H,PT1H
SN30255,PORSGRUNN - ÅS,100,Porsgrunn (Ås),MET.NO,PORSGRUNN,9.66,59.091,2013-07-11T00:00:00.000Z,NA,PT0H,PT1H
SN18233,OSLO - NYLAND,120,Nyland,"OSLO KOMMUNE, VAV ROSIM",OSLO,10.864,59.9451,2013-04-18T00:00:00.000Z,NA,PT0H,PT1H
SN17775,FAGERSTRAND,32,Fagerstrand ,NESODDEN KOMMUNE,NESODDEN,10.5886,59.7377,2015-01-08T00:00:00.000Z,NA,PT0H,PT1H
SN17850,ÅS,92,Ås (NMBU),NORGES MILJØ- OG BIOVITENSKAPELIGE UNIVERSITET,ÅS,10.7818,59.6605,2012-05-24T00:00:00.000Z,NA,PT0H,PT1H
SN32061,GVARV - NES BIOFORSK,94,Gvarv (Bioforsk),NIBIO,MIDT-TELEMARK,9.2118,59.3822,2013-02-06T00:00:00.000Z,NA,PT0H,PT1H
SN4455,RV4 ÅNEBY,138,Åneby ,STATENS VEGVESEN,NITTEDAL,10.8467,60.1107,2018-12-03T00:00:00.000Z,NA,PT0H,PT1H
SN27010,KONNERUD,193,Konnerud ,DRAMMEN KOMMUNE,DRAMMEN,10.146,59.713,2010-03-19T00:00:00.000Z,NA,PT0H,PT1H
SN3190,SARPSBORG,57,Sarpsborg,MET.NO,SARPSBORG,11.1128,59.2852,1984-08-01T00:00:00.000Z,1991-08-31T00:00:00.000Z,PT0H,PT1H
SN30258,PORSGRUNN - KLEVSTRAND,5,Klevstrand,PORSGRUNN KOMMUNE,PORSGRUNN,9.6495,59.12055,2015-11-09T00:00:00.000Z,NA,PT0H,PT1H
SN17150,RYGGE,40,Rygge,MET.NO,MOSS,10.798,59.3742,2007-10-01T00:00:00.000Z,NA,PT0H,PT1H
SN18020,OSLO - LAMBERTSETER,135,NA,"OSLO KOMMUNE, VANN- OG AVLØPSETATEN",OSLO,10.7857,59.8783,1985-05-16T00:00:00.000Z,NA,PT0H,PT1H
SN18980,OSLO - LILLEAKER,39,NA,"OSLO KOMMUNE, VANN- OG AVLØPSETATEN",OSLO,10.6343,59.9203,2004-06-07T00:00:00.000Z,2018-11-30T00:00:00.000Z,PT0H,PT1H
SN27315,RAMNES - KILE VESTRE,39,Ramnes (Kile) ,NIBIO,TØNSBERG,10.2397,59.3808,2013-02-06T00:00:00.000Z,NA,PT0H,PT1H
SN19940,LIER,39,Lier,NIBIO,LIER,10.2598,59.7908,2013-02-06T00:00:00.000Z,NA,PT0H,PT1H
SN30249,LANGANGEN,5,Langangen ,PORSGRUNN KOMMUNE,PORSGRUNN,9.802,59.0875,2015-11-09T00:00:00.000Z,NA,PT0H,PT1H
SN27270,TØNSBERG - KILEN,3,Tønsberg (Kilen),"TØNSBERG KOMMUNE, INGENIØRVESENET",TØNSBERG,10.4312,59.2782,2000-01-28T00:00:00.000Z,NA,PT0H,PT1H
SN18310,OSLO - TØYEN,19,Tøyen ,"OSLO KOMMUNE, VAV ROSIM",OSLO,10.7747,59.9147,2013-06-04T00:00:00.000Z,NA,PT0H,PT1H
SN18265,E6 DJUPDALEN,188,Djupdalen,STATENS VEGVESEN,LILLESTRØM,10.975,59.962,2018-10-09T00:00:00.000Z,NA,PT0H,PT1H
SN26950,SVELVIK - KNEM,4,Svelvik - Knem,NIBIO,DRAMMEN,10.4047,59.6027,2013-02-05T00:00:00.000Z,NA,PT0H,PT1H
SN4090,VALLERUDÅSEN,227,Vallerudåsen ,LØRENSKOG KOMMUNE,LØRENSKOG,10.9425,59.914,2015-01-19T00:00:00.000Z,NA,PT0H,PT1H
SN4960,RV2 UVESUND BRU,130,NA,STATENS VEGVESEN,NES,11.4792,60.2688,2018-10-09T00:00:00.000Z,NA,PT0H,PT1H
SN26932,DRAMMEN - AUSTAD,100,Austad ,DRAMMEN KOMMUNE,DRAMMEN,10.2168,59.721,2012-09-25T00:00:00.000Z,NA,PT0H,PT1H
SN18920,OSLO - BESSERUD,177,Besserud,"OSLO KOMMUNE, VANN- OG AVLØPSETATEN",OSLO,10.671,59.9573,2001-05-28T00:00:00.000Z,NA,PT0H,PT1H
SN4260,SKEDSMO - HELLERUD,143,Skjetten,NIBIO,LILLESTRØM,10.9777,59.9775,2013-02-05T00:00:00.000Z,NA,PT0H,PT1H
SN17000,STRØMTANGEN FYR,10,Strømtangen,MET.NO,FREDRIKSTAD,10.8288,59.1513,1994-05-09T00:00:00.000Z,NA,PT0H,PT1H
SN17380,RYGGE - HUGGENES,35,Huggenes,NIBIO,MOSS,10.7543,59.398,2013-02-13T00:00:00.000Z,NA,PT0H,PT1H
SN26594,DRAMMEN - DANVIK,25,Danvik ,DRAMMEN KOMMUNE,DRAMMEN,10.1973,59.7327,2012-09-25T00:00:00.000Z,NA,PT0H,PT1H
SN26630,VESTFOSSEN,13,Vestfossen ,ØVRE EIKER KOMMUNE,ØVRE EIKER,9.8728,59.7323,2016-11-14T00:00:00.000Z,NA,PT0H,PT1H
SN18690,E18 HJORTNES,20,NA,STATENS VEGVESEN,OSLO,10.7043,59.9112,2018-10-09T00:00:00.000Z,NA,PT0H,PT1H
SN17030,ONSØY - EVJA,3,NA,FREDRIKSTAD KOMMUNE,FREDRIKSTAD,10.75,59.2648,2003-01-01T00:00:00.000Z,2017-03-31T00:00:00.000Z,PT0H,PT1H
SN18645,OSLO - SOLLI PLASS,25,Solli plass,"OSLO KOMMUNE, VAV ROSIM",OSLO,10.7202,59.9142,2013-12-30T00:00:00.000Z,NA,PT0H,PT1H
SN26872,DRAMMEN - ØREN SKOLE,25,Øren skole ,DRAMMEN KOMMUNE,DRAMMEN,10.1705,59.7523,2012-09-25T00:00:00.000Z,NA,PT0H,PT1H
SN18205,OSLO - LØREN,88,Løren ,"OSLO KOMMUNE, VAV ROSIM",OSLO,10.7902,59.9287,2014-02-02T00:00:00.000Z,NA,PT0H,PT1H
SN19820,HURUM RADAR,363,Hurum,MET.NO,ASKER,10.5645,59.6272,1989-07-29T00:00:00.000Z,1990-08-31T00:00:00.000Z,PT0H,PT1H
SN27590,SANDEFJORD - SENTRUM,20,Sandefjord ,SANDEFJORD KOMMUNE,SANDEFJORD,10.2195,59.129,2013-04-25T00:00:00.000Z,NA,PT0H,PT1H
SN18950,TRYVANNSHØGDA,514,Tryvannshøgda,MET.NO,OSLO,10.6693,59.9847,1997-09-16T00:00:00.000Z,NA,PT0H,PT1H
SN17640,FV155 RÅKEN,130,Råken,STATENS VEGVESEN,ENEBAKK,11.0083,59.7397,2018-10-09T00:00:00.000Z,NA,PT0H,PT1H
SN30320,SKIEN - ELSTRØM,13,Skien (Elstrøm),SKIEN KOMMUNE,SKIEN,9.5895,59.1992,2001-01-01T00:00:00.000Z,2019-03-31T00:00:00.000Z,PT0H,PT1H
SN3019,FREDRIKSTAD BRANNSTASJON,10,NA,FREDRIKSTAD KOMMUNE,FREDRIKSTAD,10.945,59.2105,2009-05-01T00:00:00.000Z,2017-03-31T00:00:00.000Z,PT0H,PT1H
SN19760,ASKER - VARDÅSEN,196,Vardåsen ,ASKER KOMMUNE,ASKER,10.3812,59.82,2019-10-21T00:00:00.000Z,NA,PT0H,PT1H
SN30410,SKIEN - KOLLMYR,79,Kollmyr ,SKIEN KOMMUNE,SKIEN,9.5572,59.213,2019-12-03T00:00:00.000Z,NA,PT0H,PT1H
SN19428,BÆRUM - HØVIK,10,Høvik ,BÆRUM KOMMUNE,BÆRUM,10.5777,59.8925,2019-06-27T00:00:00.000Z,NA,PT0H,PT1H
SN28750,FLESBERG,183,Flesberg,NIBIO,FLESBERG,9.3995,59.8685,2015-01-16T00:00:00.000Z,NA,PT0H,PT1H
SN30275,SKIEN - STALSBERG,40,Stalsberg ,SKIEN KOMMUNE,SKIEN,9.635,59.1988,2019-06-07T00:00:00.000Z,NA,PT0H,PT1H
SN18235,OSLO - FURUSET,160,Furuset ,"OSLO KOMMUNE, VAV ROSIM",OSLO,10.8972,59.942,2013-05-30T00:00:00.000Z,NA,PT0H,PT1H
SN18280,RV4 GJELLERÅSEN,225,NA,STATENS VEGVESEN,LILLESTRØM,10.9287,59.9865,2018-10-09T00:00:00.000Z,NA,PT0H,PT1H
SN30293,SKIEN - GIMSØY,13,Gimsøy ,SKIEN KOMMUNE,SKIEN,9.6087,59.1975,2019-06-07T00:00:00.000Z,NA,PT0H,PT1H
SN32240,BØ,105,Bø,NIBIO,MIDT-TELEMARK,9.0287,59.4175,2013-02-06T00:00:00.000Z,NA,PT0H,PT1H
SN19455,BÆRUM - HAMANGSKOGEN,19,Hamangskogen,BÆRUM KOMMUNE,BÆRUM,10.51535,59.89285,2016-06-21T00:00:00.000Z,NA,PT0H,PT1H
SN30248,BREVIK,3,Brevik,PORSGRUNN KOMMUNE,PORSGRUNN,9.7014,59.0537,2015-11-09T00:00:00.000Z,NA,PT0H,PT1H
SN27162,ÅSGÅRDSTRAND,61,ÅSGÅRDSTRAND ,HORTEN KOMMUNE,HORTEN,10.46,59.3563,2018-09-27T00:00:00.000Z,NA,PT0H,PT1H
SN4780,GARDERMOEN,202,Gardermoen,AVINOR,ULLENSAKER,11.0802,60.2065,2019-11-28T00:00:00.000Z,NA,PT0H,PT1H
SN3120,ROLVSØY - ELVENESVEIEN,9,NA,FREDRIKSTAD KOMMUNE,FREDRIKSTAD,11.0207,59.2597,2003-04-01T00:00:00.000Z,2017-12-31T00:00:00.000Z,PT0H,PT1H
SN19718,ASKER BRANNSTASJON II,115,Asker brannst ,ASKER KOMMUNE,ASKER,10.439,59.8303,2019-10-21T00:00:00.000Z,NA,PT0H,PT1H
SN19458,NADDERUD,71,Nadderud,BÆRUM KOMMUNE,BÆRUM,10.5878,59.9248,2016-11-09T00:00:00.000Z,NA,PT0H,PT1H
SN28923,FV40 VEGGLI,227,Veggli,STATENS VEGVESEN,ROLLAG,9.1667,60.0393,2018-10-09T00:00:00.000Z,NA,PT0H,PT1H
SN27470,TORP,88,Torp,SANDEFJORD LUFTHAVN TORP,SANDEFJORD,10.2553,59.1845,1972-04-15T00:00:00.000Z,1987-11-30T00:00:00.000Z,PT0H,PT1H
SN19530,AUREVANN,277,Aurevann,BÆRUM KOMMUNE,BÆRUM,10.4601,59.9967,2016-11-09T00:00:00.000Z,NA,PT0H,PT1H
SN27120,HORTEN - NYKIRKE,70,Nykirke,HORTEN KOMMUNE,HORTEN,10.3847,59.4283,2015-06-01T00:00:00.000Z,NA,PT0H,PT1H
SN17870,ÅS - RUSTADSKOGEN,120,Rustadskogen,NVE,ÅS,10.8107,59.6703,1974-05-04T00:00:00.000Z,NA,PT0H,PT1H
SN24240,RV7 RALLERUD,212,Rallerud,STATENS VEGVESEN,RINGERIKE,9.8453,60.2588,2018-10-09T00:00:00.000Z,NA,PT0H,PT1H
SN30350,SKIEN - JØNNEVALL,45,Jønnevall ,SKIEN KOMMUNE,SKIEN,9.5667,59.2695,2019-06-07T00:00:00.000Z,NA,PT0H,PT1H
SN17780,BLEKSLITJERN,104,Blekslitjern,NESODDEN KOMMUNE,NESODDEN,10.6308,59.8095,2015-01-08T00:00:00.000Z,NA,PT0H,PT1H
SN4825,FV170 KOMPVEIEN,145,NA,STATENS VEGVESEN,LILLESTRØM,11.3015,59.942,2018-10-09T00:00:00.000Z,NA,PT0H,PT1H
SN30278,SKIEN - KLYVE,62,Klyve ,SKIEN KOMMUNE,SKIEN,9.6177,59.1465,2019-06-07T00:00:00.000Z,NA,PT0H,PT1H
SN17810,NESODDEN - TANGENÅSEN,98,Tangenåsen,NESODDEN KOMMUNE,NESODDEN,10.6622,59.8553,2015-01-07T00:00:00.000Z,NA,PT0H,PT1H
SN17550,E6 SONSVEIEN,25,Sonsveien,STATENS VEGVESEN,VESTBY,10.7252,59.5177,2018-10-09T00:00:00.000Z,NA,PT0H,PT1H
SN4460,HAKADAL JERNBANESTASJON,170,Hakadal,BANE NOR,NITTEDAL,10.829,60.1173,2007-10-17T00:00:00.000Z,NA,PT0H,PT1H
SN18420,OSLO - DISEN,130,NA,"OSLO KOMMUNE, VANN- OG AVLØPSETATEN",OSLO,10.7903,59.9463,1998-06-02T00:00:00.000Z,2018-12-31T00:00:00.000Z,PT0H,PT1H
SN4110,LØRENSKOG - HANEBORG,231,Haneborg ,LØRENSKOG KOMMUNE,LØRENSKOG,10.9762,59.946,2015-01-19T00:00:00.000Z,NA,PT0H,PT1H
SN18815,OSLO - BYGDØY,15,Bygdøy,MET.NO,OSLO,10.6828,59.905,2002-01-01T00:00:00.000Z,NA,PT0H,PT1H
SN27015,DRAMMEN - JARLSBERGVEIEN,230,Jarlsbergveien ,DRAMMEN KOMMUNE,DRAMMEN,10.1458,59.7192,2012-10-13T00:00:00.000Z,NA,PT0H,PT1H
SN18315,OSLO - SOFIENBERG,37,Sofienberg ,"OSLO KOMMUNE, VANN- OG AVLØPSETATEN",OSLO,10.7623,59.919,2015-07-07T00:00:00.000Z,NA,PT0H,PT1H
SN32060,GVARV - NES,93,Gvarv,MET.NO,MIDT-TELEMARK,9.2128,59.3822,2009-12-01T00:00:00.000Z,NA,PT0H,PT1H
SN18405,OSLO - SANDAKER,110,Sandaker,"OSLO KOMMUNE, VAV ROSIM",OSLO,10.7727,59.9398,2016-03-02T00:00:00.000Z,NA,PT0H,PT1H
SN17005,ONSØY - ØYENKILEN,5,NA,FREDRIKSTAD KOMMUNE,FREDRIKSTAD,10.8487,59.1735,2003-07-11T00:00:00.000Z,2017-03-31T00:00:00.000Z,PT0H,PT1H
SN20280,HØNEFOSS - HVERVEN,126,Hverven,NIBIO,RINGERIKE,10.2662,60.1403,2013-02-13T00:00:00.000Z,NA,PT0H,PT1H
SN18701,OSLO - BLINDERN PLU,94,NA,"OSLO KOMMUNE, VANN- OG AVLØPSETATEN",OSLO,10.7201,59.94227,1968-04-17T00:00:00.000Z,NA,PT0H,PT1H
SN17050,RÅDE - TOMB,12,Tomb,NIBIO,RÅDE,10.8145,59.3188,2013-02-05T00:00:00.000Z,NA,PT0H,PT1H
SN19670,ASKER - NESBRU,30,Nesbru,ASKER KOMMUNE,ASKER,10.4966,59.86635,2019-10-21T00:00:00.000Z,NA,PT0H,PT1H
SN4920,ÅRNES,160,Årnes,NIBIO,NES,11.3933,60.1268,2010-05-12T00:00:00.000Z,NA,PT0H,PT1H
SN2480,FV21 TANGEN,171,Tangen ,STATENS VEGVESEN,AURSKOG-HØLAND,11.7178,59.8438,2018-10-09T00:00:00.000Z,NA,PT0H,PT1H
SN4950,FV175 FOLMO,145,Folmo,STATENS VEGVESEN,NES,11.494,60.1468,2018-10-09T00:00:00.000Z,NA,PT0H,PT1H
SN26500,GEITHUS,64,Geithus ,MODUM KOMMUNE,MODUM,9.9728,59.9202,2015-06-16T00:00:00.000Z,NA,PT0H,PT1H
SN3290,RAKKESTAD,100,Rakkestad,NIBIO,RAKKESTAD,11.3905,59.3882,2009-07-02T00:00:00.000Z,NA,PT0H,PT1H
SN26590,DRAMMEN - SLETTA,4,Drammen Sletta ,DRAMMEN KOMMUNE,DRAMMEN,10.2312,59.7445,2015-06-16T00:00:00.000Z,NA,PT0H,PT1H
SN19825,TOFTE - RULLETO,9,Tofte ,HURUM KOMMUNE,ASKER,10.5813,59.5513,2017-09-22T00:00:00.000Z,NA,PT0H,PT1H
SN3030,FREDRIKSTAD,30,NA,FREDRIKSTAD KOMMUNE,FREDRIKSTAD,10.9632,59.2307,1970-05-31T00:00:00.000Z,2016-07-31T00:00:00.000Z,PT0H,PT1H
SN30340,SKIEN - PETERSBORG,35,Petersborg ,SKIEN KOMMUNE,SKIEN,9.5908,59.2317,2019-06-07T00:00:00.000Z,NA,PT0H,PT1H
SN27460,NØTTERØY - BORGHEIM,5,Borgheim,FÆRDER KOMMUNE,FÆRDER,10.4103,59.2173,2003-04-01T00:00:00.000Z,NA,PT0H,PT1H
SN18390,OSLO - BJØLSEN,74,Bjølsen,"OSLO KOMMUNE, VAV ROSIM",OSLO,10.7483,59.9418,2014-05-05T00:00:00.000Z,NA,PT0H,PT1H
SN26934,DRAMMEN - SOLUMSTRAND,5,Solumstrand ,DRAMMEN KOMMUNE,DRAMMEN,10.2688,59.7112,2012-09-25T00:00:00.000Z,NA,PT0H,PT1H
SN27400,NØTTERØY - FØYNLAND,2,Føynland,FÆRDER KOMMUNE,FÆRDER,10.45604,59.23662,2015-12-31T00:00:00.000Z,NA,PT0H,PT1H
SN30325,SKIEN - LANGEDUKEN,30,Langeduken ,SKIEN KOMMUNE,SKIEN,9.5432,59.2017,2019-06-07T00:00:00.000Z,NA,PT0H,PT1H
SN3015,BORGE - BERG,10,NA,FREDRIKSTAD KOMMUNE,FREDRIKSTAD,11.032,59.1895,2003-01-01T00:00:00.000Z,2017-03-31T00:00:00.000Z,PT0H,PT1H
SN18240,E6 FURUSET,160,Furuset,STATENS VEGVESEN,OSLO,10.8905,59.9378,2018-10-09T00:00:00.000Z,NA,PT0H,PT1H
SN26898,DRAMMEN - ÅSSIDEN,15,Åssiden ,DRAMMEN KOMMUNE,DRAMMEN,10.1382,59.7538,2012-10-10T00:00:00.000Z,NA,PT0H,PT1H
SN4827,FV172 HOLTER,128,Holter,STATENS VEGVESEN,LILLESTRØM,11.203,59.9542,2018-10-09T00:00:00.000Z,NA,PT0H,PT1H
SN17980,OSLO - LJABRUVEIEN,92,NA,"OSLO KOMMUNE, VANN- OG AVLØPSETATEN",OSLO,10.8236,59.8427,2000-08-18T00:00:00.000Z,NA,PT0H,PT1H
SN26790,MJØNDALEN - ORKIDEHØGDA,4,Orkidéhøgda ,NEDRE EIKER KOMMUNE,DRAMMEN,10.0275,59.7498,2015-03-12T00:00:00.000Z,NA,PT0H,PT1H
SN26862,DRAMMEN TINGHUS,15,Drammen tinghus ,DRAMMEN KOMMUNE,DRAMMEN,10.2118,59.744,2012-10-14T00:00:00.000Z,NA,PT0H,PT1H
SN18500,BJØRNHOLT,360,Bjørnholt,MET.NO,OSLO,10.6878,60.0513,2007-05-10T00:00:00.000Z,NA,PT0H,PT1H
SN18195,OSLO - HØYENHALL,80,Høyenhall,"OSLO KOMMUNE, VAV ROSIM",OSLO,10.8212,59.9033,2014-05-05T00:00:00.000Z,NA,PT0H,PT1H
SN19810,RØYKEN - SKOGSBORG,3,Skogsborg ,RØYKEN KOMMUNE,ASKER,10.5198,59.6919,2016-02-11T00:00:00.000Z,NA,PT0H,PT1H
SN4785,GARDERMOEN PLU,203,Gardermoen,AVINOR/FNT REGION GARDERMOEN,NANNESTAD,11.0782,60.2105,2018-02-12T00:00:00.000Z,NA,PT0H,PT1H
SN18180,OSLO - TRASOP,176,Trasop,"OSLO KOMMUNE, VAV ROSIM",OSLO,10.847,59.907,2013-05-22T00:00:00.000Z,NA,PT0H,PT1H
SN27403,NØTTERØY - KNARRBERG,1,Knarrberg,FÆRDER KOMMUNE,FÆRDER,10.45442,59.2084,2015-12-31T00:00:00.000Z,NA,PT0H,PT1H
SN19490,GJETTUM,67,Gjettum,BÆRUM KOMMUNE,BÆRUM,10.5122,59.9058,1970-07-04T00:00:00.000Z,NA,PT0H,PT1H
SN27161,HORTEN - SKOPPUM,40,SKOPPUM ,HORTEN KOMMUNE,HORTEN,10.3985,59.3845,2018-09-27T00:00:00.000Z,NA,PT0H,PT1H
SN4543,RV4 STRYKEN,235,NA,STATENS VEGVESEN,LUNNER,10.7217,60.157,2018-10-09T00:00:00.000Z,NA,PT0H,PT1H
SN17875,E18 HOLSTAD,91,NA,STATENS VEGVESEN,ÅS,10.8312,59.685,2018-10-09T00:00:00.000Z,NA,PT0H,PT1H
SN18162,OSLO - KVÆRNERBYEN,15,Kværnerbyen,"OSLO KOMMUNE, VAV ROSIM",OSLO,10.7864,59.9047,2014-05-05T00:00:00.000Z,NA,PT0H,PT1H
SN18270,OSLO - VESTLI,200,NA,NVE,OSLO,10.9333,59.9667,1974-05-04T00:00:00.000Z,NA,PT0H,PT1H
SN2560,FV169 ÅSERUD,204,Åserud,STATENS VEGVESEN,AURSKOG-HØLAND,11.3625,59.8388,2018-10-09T00:00:00.000Z,NA,PT0H,PT1H
SN30247,E18 LANNER,130,Lanner,STATENS VEGVESEN,PORSGRUNN,9.771,59.1005,2018-10-09T00:00:00.000Z,NA,PT0H,PT1H
SN26820,HOKKSUND,15,Hokksund,NIBIO,ØVRE EIKER,9.8922,59.7613,2013-02-06T00:00:00.000Z,NA,PT0H,PT1H
SN27780,TJØLLING,19,Tjølling,NIBIO,LARVIK,10.125,59.0467,2013-02-06T00:00:00.000Z,NA,PT0H,PT1H
SN18225,OSLO - TONSENHAGEN,204,Tonsenhagen,"OSLO KOMMUNE, VAV ROSIM",OSLO,10.8293,59.9467,2013-06-05T00:00:00.000Z,NA,PT0H,PT1H
SN26802,MJØNDALEN - ÅSEN,166,Åsen,NEDRE EIKER KOMMUNE,DRAMMEN,10.0258,59.7328,2015-03-12T00:00:00.000Z,NA,PT0H,PT1H
SN18440,OSLO - KJELSÅS,162,Kjelsås ,"OSLO KOMMUNE, VAV ROSIM",OSLO,10.7853,59.9605,2013-05-21T00:00:00.000Z,NA,PT0H,PT1H
SN4725,E16 GARDERMOEN,203,Gardermoen,STATENS VEGVESEN,ULLENSAKER,11.1165,60.1677,2018-10-09T00:00:00.000Z,NA,PT0H,PT1H
SN3720,ASKIM - KYKKELSRUD,87,Kykkelsrud ,ASKIM KOMMUNE,INDRE ØSTFOLD,11.0962,59.5873,2015-02-01T00:00:00.000Z,NA,PT0H,PT1H
SN18210,OSLO - HOVIN,100,Hovin,"OSLO KOMMUNE, VANN- OG AVLØPSETATEN",OSLO,10.804,59.923,1998-09-08T00:00:00.000Z,NA,PT0H,PT1H
SN27433,NØTTERØY - TENVIK,1,Tenvik,FÆRDER KOMMUNE,FÆRDER,10.3655,59.1745,2015-12-31T00:00:00.000Z,NA,PT0H,PT1H
SN27406,NØTTERØY - TORØD,2,Torød,FÆRDER KOMMUNE,FÆRDER,10.4238,59.169,2015-12-31T00:00:00.000Z,NA,PT0H,PT1H
SN18165,OSLO - RYEN,130,Ryen,"OSLO KOMMUNE, VAV ROSIM",OSLO,10.8013,59.8963,2013-02-23T00:00:00.000Z,NA,PT0H,PT1H
SN26060,SKOTSELV,18,Skotselv,ØVRE EIKER KOMMUNE,ØVRE EIKER,9.8948,59.8387,2016-11-14T00:00:00.000Z,NA,PT0H,PT1H
SN19780,ASKER - VOLLEN,20,Vollen ,ASKER KOMMUNE,ASKER,10.3812,59.82,2019-10-21T00:00:00.000Z,NA,PT0H,PT1H
SN27630,SANDEFJORD - ENGA,4,Enga ,SANDEFJORD KOMMUNE,SANDEFJORD,10.2147,59.0857,2018-01-31T00:00:00.000Z,NA,PT0H,PT1H
SN3810,ASKIM II,141,Askim,ASKIM KOMMUNE,INDRE ØSTFOLD,11.166,59.5872,1968-04-09T00:00:00.000Z,NA,PT0H,PT1H
SN18703,OSLO - BLINDERN TESTFELT,96,Blindern test,MET.NO,OSLO,10.7194,59.94256,2013-10-14T00:00:00.000Z,NA,PT0H,PT1H
SN19430,E18 SANDVIKA,3,Sandvika,STATENS VEGVESEN,BÆRUM,10.5403,59.8923,2018-10-09T00:00:00.000Z,NA,PT0H,PT1H
SN26975,SVELVIK - BOKERØYA,3,Bokerøya,SVELVIK KOMMUNE,DRAMMEN,10.4053,59.591,2018-07-12T00:00:00.000Z,2019-06-30T00:00:00.000Z,PT0H,PT1H
SN11125,E6 ANDELVA,180,Andelva,STATENS VEGVESEN,EIDSVOLL,11.1358,60.2852,2018-10-09T00:00:00.000Z,NA,PT0H,PT1H
SN26996,SANDE - LAUVKOLLMYR,437,Lauvkollmyr,Private owner,HOLMESTRAND,10.1052,59.6473,2014-07-08T00:00:00.000Z,NA,PT0H,PT1H
SN26350,SIGDAL - NEDRE EGGEDAL,143,Nedre Eggedal ,Private owner,SIGDAL,9.4391,60.1358,2014-04-08T00:00:00.000Z,NA,PT0H,PT1H
SN18410,RV150 AKER SYKEHUS,140,Aker Sykehus,STATENS VEGVESEN,OSLO,10.798,59.941,2018-10-09T00:00:00.000Z,NA,PT0H,PT1H
